<?xml version="1.0" encoding="UTF-8"?>
<Settings>
	<Mutation>
		<Directory name="mutation_home">E:\mutatorHome\experiments_no_checking</Directory>
		<Directory name="package_path">E:\AndroidStudioProjects\ReGeX\app\src\main\java</Directory>
		<Directory name="classes_path">E:\AndroidStudioProjects\ReGeX\app\build\intermediates\classes\debug</Directory>
		<Directory name="mutants_path">E:\mutatorHome\experiments_no_checking\results\ReGex</Directory>
		<Directory name="AndroidManifest_path">E:\AndroidStudioProjects\ReGeX\app\src\main</Directory>
	</Mutation>
	<Builder>
		<Directory name="project_name">ReGex</Directory>
		<Directory name="project_path">E:\AndroidStudioProjects</Directory>
		<Directory name="build_path">E:\mutatorHome\pro_source</Directory>
		<Directory name="apk_output">E:\mutatorHome\experiments_no_checking\apk_output</Directory>
	</Builder>
	<Python>D:\Python27\python</Python>
</Settings>